term,estimate,std_err
gdp_growth,0.047484342463831666,0.04302999532373911
L1_credit_growth,-0.049875846944449784,0.018039859811746446
policy_rate,-1.5582834277800965,0.20538572100515035
inflation,-0.1781877968825723,0.076918408111843
unemployment,-0.14596506149682986,0.045737541752585154
credit_to_gdp_gap,-0.015980159586162,0.017615999680567495
